Zero-Sum ppo,Standard ppo
-3721.660134998655,-3498.396476404393
-4242.58390140541,-3162.0712625924016
-2878.556266419686,-2885.5775698747893
-3028.2695297416085,-3174.825816487727
-1859.3047721217733,-6822.030952586842
-2973.629472993641,-2935.7385957513065
-2707.4599648311787,-3401.423762069071
-3459.379101208208,-3208.452373975158
-1877.469692950176,-3043.944113027118
-5488.190783530435,-3018.5277255844258
