Zero-Sum sac,Standard sac
-20.016050311639106,-685.0029051617007
-5.464336597401939,-707.0089865490186
-28.97562713503862,-716.7803817260012
-13.387371819752502,-675.8609011126878
-11.481984110077065,-766.1286401166301
-21.428880329607637,-723.2712773051899
-19.520167236101884,-786.9054077020348
-13.231554533250232,-698.5777936939892
-12.488304490458745,-805.6810669023978
-25.167727123150826,-747.2116386475398
