Zero-Sum DDPG,Standard DDPG
-1849.4932861543339,-1979.4139497771293
-1988.1036021130415,-1997.458646099154
-1849.7434966328487,-1955.8692489112275
-1918.5099255472744,-1859.8382861591558
-1966.1494169340563,-1906.6850359917485
-1986.0540988449523,-1976.610898195936
-1939.3181819270294,-1901.6554910003329
-1983.377007994104,-1975.6452149764818
-1991.3550691907358,-1947.682871052121
-1858.8554163553486,-1959.3891310923982
