Zero-Sum DDPG,Standard DDPG
291.46469984747444,457.1683836366807
305.6433427255539,457.4022238977344
300.4680829874919,464.2724565223474
306.4010793344622,461.49206791625693
304.9226574598488,456.052410968749
303.4452353629438,456.5067253538955
295.998062517588,465.7602762880621
306.42366582459033,456.09523556965405
292.33193712399157,459.18759850729316
289.4879789196584,465.1699075333537
