Zero-Sum ppo,Standard ppo
7.213131397664142,-2720.9160415739707
-1214.0955929559232,-2949.73265201085
-1207.6704104046792,-2712.5691649785786
-1080.2274430809098,-2941.557491430756
-1247.880546922168,-2801.4814307550982
-1317.6098186250729,-2712.0174840589834
86.94455066473927,-2937.6304797338803
-1261.5637246734573,-2784.957414409249
-1310.5428575709143,-3099.310608955182
14.099708376354215,-2796.208558635106
