Zero-Sum td3,Standard td3
733.235178094431,552.0235199223466
731.5437979779849,551.4191050324457
733.901549830081,554.497180217684
732.7067904524015,549.4037511035583
733.4201374758335,549.4193544494703
733.1714324560859,550.4965100216575
732.5927408830438,549.3047256881781
730.6860945046428,567.3594883486614
733.8573634042972,552.8921735579918
733.1011917435866,549.8264861486768
