Zero-Sum DDPG,Standard DDPG
735.2680005676002,564.8599784227823
733.0675609323293,551.1798665629608
735.7521237861077,558.0266498323585
732.73872011461,549.3936450096107
731.9491647616773,550.18879281605
734.1406904263016,552.9718653106186
734.139710558232,554.1186300619578
731.5977180967157,564.0503819767735
732.3417012566964,552.5021819939639
733.9847461536498,562.568461370066
