Zero-Sum DDPG,Standard DDPG
-1877.1166235482597,-2025.5418486030758
-1960.3754107889824,-1973.8001717231803
-1901.7248173196788,-1999.2536481312468
-1919.6278667487118,-1992.494079244724
-2011.384231397073,-1957.2406092147926
-1912.3682294376272,-1943.3956363502648
-1955.2198661313987,-1955.8505141563705
-1907.776650090123,-1936.210485126145
-1988.6666657141986,-1953.44925442456
-1917.830955806986,-1921.8892212204332
