Zero-Sum DDPG,Standard DDPG
-443.4998073039035,-407.31626091283283
-434.6482135050287,-410.32607924011313
-435.6307140028573,-396.7790038710241
-442.9790585896776,-402.6362880224103
-433.551040795134,-399.4227253650324
-433.94068863031134,-400.9331529459139
-434.9762510306284,-402.12917498576917
-433.9054488570782,-395.0522846222698
-430.23863704974997,-402.88391005678955
-437.93675007384513,-402.2550780234851
