Algorithm,Avg Return,Avg Error,Avg Fails,Avg Action
PPO,366.65554536646715,0.3581898914802437,0.0,1.5219039300841026
SAC,-115.90061711712049,0.4657239744142114,0.0,2.0846514801662557
TD3,750.9235791197292,0.1251903250041693,0.0,3.3776335680644856
DDPG,-601.4219020424159,0.911921025523396,0.0,5.544052555263908
