Algorithm,Avg Return,Avg Error,Avg Fails,Avg Action
PPO,-1954.557322458711,2.571053737663068,1.0,0.5080802342256661
SAC,-2247.538928329266,2.374097886774522,1.0,2.5433842221788368
TD3,-1959.1289539663296,3.2468618578597814,1.0,3.3791860727628764
DDPG,-1943.3495146484559,2.955227943827646,1.0,1.8049293026295623
