Zero-Sum DDPG,Standard DDPG
-1297.7175638149151,-4088.167132290798
-1916.7411535582983,-4222.33407436667
-3490.78623207812,-2514.8710393729743
-3270.1512735069305,-2313.446754609981
-2998.4579429317387,-3833.289212408185
-3439.453353996592,-3820.816216910335
-2811.089666589145,-2632.3451649655444
-3468.395173677241,-2917.1903748495483
-2831.662176168201,-3999.6629495585853
-3347.5032958692555,-2483.7891145962826
