Algorithm,Avg Return,Avg Error,Avg Fails,Avg Action
PPO,-1952.3158478609816,2.0779205733041923,1.0,0.49601194700515483
SAC,-2226.9229315370053,1.9403800697861993,1.0,2.3396144120427422
TD3,-1942.743034580575,2.5117279087170057,1.0,3.0264729864521422
DDPG,-1933.9559773780875,2.3398827820306036,1.0,1.7541038953161396
