Algorithm,Avg Return,Avg Error,Avg Fails,Avg Action
PPO,403.19789194183556,0.24408323693474862,0.0,1.5028749120121634
SAC,-441.65339300716477,0.5167658807811292,0.0,2.002213744333256
TD3,713.2138883600585,0.1086615400404634,0.0,3.1997685016371187
DDPG,-1522.3056672810158,0.9649823707264087,0.2,5.455067782804418
