Zero-Sum DDPG,Standard DDPG
-4167.77317781553,-3693.593732215747
-3066.2505455763694,-4110.122308210867
-3991.5039352738813,-4166.4382665645635
-3977.484552156863,-4281.662542114288
-3562.1932895659747,-5262.292832555389
-3697.920595474776,-3774.724738720805
-3268.4513995170873,-4734.486689983149
-3131.0017387129283,-3716.214172059749
-3846.0905146000623,-3818.9763778431197
-3619.0192179539868,-4173.4620510572795
