,ReturnMean,ReturnStd,StepsMean,ControlEffortMean,MaxActionNormMean,ForceFailRate,ForceFailStepsMean,SaturationRateMean
DDPG,-279.2840861214033,7.914844634643077,5489.4,26.833958339784754,5.656854152679443,1.0,5011.7,0.7978101398669515
TD3,561.4642738904238,3.982926665286373,5484.7,13.070802285582747,5.656854152679443,1.0,1651.4,0.14458416528866275
SAC,-750.4781849715665,9.041399618682444,5480.5,4.5878039164158775,4.759383201599121,1.0,129.4,0.0
PPO,612.9339061185364,0.6133870520310468,5460.2,0.8297478058966069,2.8647979736328124,0.0,0.0,0.0
