Zero-Sum DDPG,Standard DDPG
-1843.671153597668,-1884.067581151125
-1957.5566784725074,-2017.0112906267068
-1837.2930296956326,-2021.7214425287875
-1936.2732202637058,-1925.6782277805255
-1946.1410443947195,-1965.7187231784703
-1976.2944367688792,-1982.705450188779
-1858.01456017896,-1988.2233699247367
-1965.9252075575328,-1972.5681409154517
-1913.448911647819,-1966.589675047161
-1874.243402688056,-1990.8451359157673
