Zero-Sum ppo,Standard ppo
438.004856434938,-2002.6881166172002
451.04508980044466,-2245.7202094114705
476.56032816434595,-703.9676524997824
468.55620968438916,-545.5442480250636
480.4787491370927,-3557.087680246159
437.30473724877413,-2151.473752142402
417.50968945844886,-2022.9515188813216
463.2486681104648,-2061.790995764146
485.60107362498536,-2454.3672150096463
470.40726828504353,-778.3909741477687
