Zero-Sum sac,Standard sac
-121.28417764337473,-2831.301156278335
-124.97565789579949,-2941.4160642014963
-118.42048066188931,-2938.5229139173234
-137.6683258669127,-2973.4562895358467
-100.99637054191771,-2920.8539118247054
-147.45970045807394,-2912.455650232848
-161.06997409250334,-2865.7749255194194
-91.53325555122615,-2875.7688241870114
-118.0958629948525,-2958.3525630797535
-109.22379916075761,-2866.8629001634704
