Zero-Sum DDPG,Standard DDPG
101.02792262775688,-916.5830760509175
121.71099567595229,-769.8381649882751
137.28587427993455,-1243.7664073946976
123.20664730552096,-925.5889118856176
130.94472588052122,-836.8745992675163
116.95586736962491,-1049.0208479365242
92.9915099936569,-693.7496147340587
134.6996781563413,-817.9850299938564
118.20324768834757,-752.1967719411537
121.29192987313559,-917.6413295875388
