Algorithm,Avg Return,Avg Error,Avg Fails,Avg Action
PPO,-1950.8257559918343,2.492880836775646,1.0,0.5319699396842446
SAC,-2252.6163171547387,2.2746549283657878,1.0,2.695204099593409
TD3,-1975.9953960707796,3.143459434320765,1.0,3.5911471275191404
DDPG,-1937.3245056174353,2.865471255414861,1.0,1.8949692429405733
