Algorithm,Avg Return,Avg Error,Avg Fails,Avg Action
PPO,172.66992553129307,0.4527939246543169,0.0,1.2494458259127292
SAC,-53.95129978306479,0.41193457427988883,0.0,1.2466308311203413
TD3,673.6154983934387,0.12060599279161814,0.0,4.566643866234083
DDPG,-1191.9739723620642,0.6726549531978381,0.2,5.476436756645615
