Zero-Sum DDPG,Standard DDPG
-2431.145310798466,-4126.947208635646
-2318.136222182251,-3842.0062224920985
-2430.4317740677125,-3936.6954106706935
-696.7807944280951,-1380.0286315266426
-833.0283215988618,-1358.3017672153528
-2310.748582487063,-4167.081009801
-2423.4649558746414,-3865.46085463462
-1005.141256304805,-1153.6105673889224
-2383.1351786509804,-4280.692610369334
-2304.723096311116,-3877.9648134925797
