Zero-Sum DDPG,Standard DDPG
460.4645323813064,510.42320607914587
470.88106659613175,486.5297658055123
496.4976603243183,517.6724318151038
493.2359429078183,539.0847168952225
498.9702172043303,542.760178400305
439.08304437187223,527.6659359836804
424.5387677801697,509.0657474414461
483.7045955749014,515.7049810915797
501.82556758551993,504.34757544090377
501.1383343776359,544.7334193622626
