ax,ay
1.7841095,0.3473605
2.9898665,-0.25096866
3.9906595,-1.5481132
4.909878,-3.4966493
5.717972,-5.3938417
6.348236,-6.989997
6.8255005,-8.072498
7.2978144,-8.518685
7.961268,-8.520891
8.408801,-8.626915
8.711323,-8.695251
8.920223,-8.717387
9.054731,-8.751087
9.121498,-8.79113
9.128477,-8.841621
9.060124,-8.907402
8.957724,-8.978945
8.941143,-9.027746
8.884565,-9.061887
8.782921,-9.086979
8.545255,-9.127773
7.868045,-9.192003
