ax,ay
2.8862584,0.7937289
4.5648856,-2.311618
5.1346045,-0.8840332
1.4609847,0.14795692
0.007300674,0.18863177
-0.4440573,-0.0066171205
-0.5762526,-0.061731283
-0.632801,-0.09023164
-0.5385006,-0.005736872
-0.43987688,-0.27316537
-0.4683968,-0.76621747
-0.52438676,-1.3890238
-0.42043877,-1.9180161
0.67002624,-0.70089173
0.27976528,-0.5768856
-0.14403285,-0.8648969
0.33691928,-0.9411195
0.05106971,-0.75010204
0.079028,-0.936994
