Zero-Sum sac,Standard sac
-53.50614021547153,-3891.3687272129605
-50.37466981827447,-3840.5822470466014
-52.85535151895897,-4287.368392736076
-52.71146193490813,-4366.510657266437
-54.28852417125154,-4109.366348418636
-52.36525573572362,-4352.621590913672
-53.12873986903787,-4191.060323614967
-50.30108330670032,-3667.6523733181184
-53.77123803879522,-4064.7726056741276
-52.60382691020732,-4344.249262684984
