Zero-Sum DDPG,Standard DDPG
-53.899298846534066,-4185.901635127352
-52.33502744164639,-4085.802093390009
-51.744585895973614,-4087.803407954965
-54.05355408119294,-4123.930116337578
-53.863166697611405,-4376.810370986128
-51.21030333186695,-4262.930528013338
-52.844520102691604,-4141.740719536747
-52.31089031233819,-4156.887260188719
-50.84154188084062,-4119.455773681048
-52.63876842722493,-3835.9875132917596
