Zero-Sum td3,Standard td3
751.5042681693378,472.0533228515974
746.7885690239054,504.20914606076656
752.9743279119932,461.90620099456794
741.1925902518243,459.16432064546575
744.2306198036458,522.0301431236203
743.0984339196475,519.1330126040847
758.9275881609376,556.6709331134748
735.7995916960942,561.1022193197343
756.5186898656125,500.0908135414982
742.7863337333625,567.8668669489407
