Zero-Sum DDPG,Standard DDPG
-2169.043750395082,14.021747374974552
-2150.776544661163,-6.297042753317442
-3721.625293968426,41.12008482022566
-3920.6323571647636,-253.19671791047335
-2214.687081157552,-322.432078327721
-2187.115805688458,-56.266060063831674
-3955.0310130699845,-36.427080216658624
-2156.1671780495853,-121.78057387524564
-2296.5151127405256,-31.78918361370279
-4535.655389853802,-45.61512770041554
