Zero-Sum ppo,Standard ppo
-2498.1299440238745,586.2907051454997
-2355.466775128339,567.1378668579134
-2507.4206377506134,574.0778783990406
-2413.728711594357,587.0997446311724
-2467.5528513603904,580.8107721842848
-2420.0518267488305,584.2298438335054
-2457.275056063,582.6037860978868
-2384.1791606689185,582.5872817866256
-2457.906507737257,581.4023278620884
-2455.810281063982,577.6577342043825
