Zero-Sum DDPG,Standard DDPG
-638.4757234075423,-1103.8109025765925
-419.4252386991609,-929.3619395214946
-492.10349936469106,-1172.5334838975546
-466.05921758993986,-1157.933764534645
-420.28647923906306,-1031.5977560078666
-476.80904527007465,-1149.3612507025027
-395.25016144008737,-1213.123420288949
-432.4831373389636,-1088.0170669863492
-461.7237149586033,-898.177221933671
-483.62226649749164,-946.9512691380453
