Zero-Sum sac,Standard sac
-434.4262934518583,-3531.3427758395214
-527.1339275987068,-4249.189743330962
-389.00278337745453,-2971.312829898181
-534.7377308363375,-2940.1129621915115
-360.54669871809256,-4500.831146941398
-357.95849184959184,-2923.3342171146232
-356.7198103494568,-3936.6741338701995
-500.5955598613641,-4203.375014492513
-402.5279670254731,-3730.691495999537
-386.29750933113564,-4866.031621251653
