Zero-Sum DDPG,Standard DDPG
-470.2023090786504,-2951.307377406117
-427.297784603373,-3528.0376534124125
-378.09924095554675,-4356.556300280592
-537.3393507780058,-4367.732762400906
-439.0803047508166,-4502.4526406661935
-421.2146373335295,-2953.49019033466
-417.6699111544651,-2913.8842140538886
-402.6802981147248,-2928.728525252556
-316.21919227322996,-4268.928816834445
-638.7456176682138,-3555.572396317903
