Algorithm,Avg Return,Avg Error,Avg Fails,Avg Action
PPO,579.2475445374046,0.3075617553587783,0.0,0.8611891971048007
SAC,-2896.5019032098585,1.6808260609215782,1.0,2.3669450926151367
TD3,520.080605671839,0.10195448639983815,0.0,4.297915175178283
DDPG,-846.1956833966594,1.1041496488544236,0.0,5.475431065958247
