Zero-Sum ppo,Standard ppo
-1787.5721074512066,-3589.3852569469136
-1804.2945224629605,-3625.9039364084874
-1803.659612942673,-3477.4694497026103
-1800.1542904538978,-3625.4977774854738
-1829.4903360894245,-3566.6190640588043
-1815.696905916451,-3675.477590524622
-1789.1268981469889,-3641.108024754979
-1803.7129175891555,-3595.3195851077253
-1821.328796746707,-3593.0068050657674
-1846.9914937232104,-3594.895935424042
