Algorithm,Avg Return,Avg Error,Avg Fails,Avg Action
PPO,347.9326555808441,0.43787739802621967,0.0,1.114866744205816
SAC,-19.119283095118703,0.4009438264304599,0.0,1.2281086585313952
TD3,733.2292659057873,0.12632855790380212,0.0,2.659550622154247
DDPG,-443.4748150438785,0.4394251741718618,0.0,5.084358884947648
