Algorithm,Avg Return,Avg Error,Avg Fails,Avg Action
PPO,-1954.137551660447,2.4994453018852747,1.0,0.532244897729235
SAC,-2263.589803496776,2.270144684538753,1.0,2.700439116298816
TD3,-1967.5842075789471,3.2119735093644834,1.0,3.5942313715805545
DDPG,-1948.241783832634,2.891036436101083,1.0,1.898769648913196
