Algorithm,Avg Return,Avg Error,Avg Fails,Avg Action
PPO,355.58674234599323,0.33428933363825747,0.0,1.0262663144187134
SAC,-3647.7966900635683,1.547215950984045,1.0,2.3298936066737213
TD3,226.89131479388735,0.17718798400637303,0.0,4.101564852334778
DDPG,-884.2512664806596,0.8175558612379156,0.0,5.368491671671057
