Algorithm,Avg Return,Avg Error,Avg Fails,Avg Action
PPO,612.6689277101107,0.2578460406218282,0.0,0.7674625273802096
SAC,-724.7257991268858,0.7910832026687273,0.0,1.714143219495961
TD3,552.9135749598122,0.07654554386488664,0.0,3.0658373928023215
DDPG,-383.804204450627,0.37366353227301297,0.0,4.885541083135492
