Zero-Sum ppo,Standard ppo
-3936.8525406983968,-4860.645694370659
-4416.979700359003,-4919.88225915936
-4009.27355320887,-4788.335775413397
-4128.733327453671,-4944.794621634708
-3943.055226480281,-4876.871748517893
-4086.437819736319,-4838.279420650856
-3885.5605627349005,-4987.0590401983
-4183.371694351667,-4867.783756573987
-4585.237133094386,-4768.559555233114
-4144.971512479686,-4931.025055864872
