Zero-Sum DDPG,Standard DDPG
-4430.257050438721,-4276.688947645053
-3196.9791886344237,-4231.240327343888
-2877.091637064435,-4844.2094770772255
-3756.316606041308,-5000.545035378085
-2281.000943498767,-4400.644462196068
-2705.5953704449785,-4776.7875264803015
-2469.9031272523407,-6482.6148257249815
-3017.141383509378,-4370.607431130223
-2302.3842595731608,-4262.582049216199
-2764.128246052486,-4230.003836661708
