Zero-Sum sac,Standard sac
-20.652174657498108,-738.5738569949024
-18.216529841052647,-767.6155721091523
-14.663784652857203,-725.6327420166936
-21.525017721958307,-735.5408742543539
-15.297426967951196,-750.4195301654997
-23.527259608865847,-741.4704876305232
-21.061011333415536,-768.0460455523223
-20.686118080740243,-755.0648615023074
-15.851628001313202,-769.6106644210172
-14.438350589722404,-758.0828453174981
