Zero-Sum DDPG,Standard DDPG
713.4773210361014,169.7504953007542
712.0672004097693,210.33033751028347
715.5163297550761,264.1664264364131
710.1042707001803,186.8763948104321
720.0330667971039,192.35332895725708
706.3532287677907,266.10515220294224
717.2070035539741,257.38089829065973
711.7866206903309,198.31568762636653
715.8327976720632,212.36686881962055
724.316229299617,149.64262595041077
