Zero-Sum sac,Standard sac
-122.33407408581138,-2834.025242136464
-132.46307075013624,-2952.784834949004
-118.02502637428461,-2936.629286483365
-104.5954617781249,-3017.6540158829225
-121.38512163584778,-2873.1572766181403
-139.02353617905032,-4253.992598856682
-94.28297631014175,-2941.240190625079
-114.61183238006288,-2928.393222572582
-148.10489309058084,-2868.014732205989
-120.3592709793877,-2853.5916246189586
