Zero-Sum DDPG,Standard DDPG
-4547.18042113002,-4915.30390149993
-4334.8247044181735,-4933.737051655976
-4414.965535734575,-4841.231665274465
-4300.194342371442,-4874.841446441974
-4279.507670168593,-4898.677763752829
-4213.912934427296,-4861.450308225439
-4251.839558002041,-4862.104005717867
-4404.703915254526,-4873.258412233213
-4290.11888687305,-4885.22217330404
-4442.871397476783,-4918.169078398333
