Zero-Sum DDPG,Standard DDPG
-2191.6302755853217,-4710.733997941785
-3658.042889768947,-4982.873843475071
-3551.5185493363024,-4284.542677859712
-2130.693014224318,-5009.752338107205
-4064.08116044122,-5632.780217540401
-3293.024625359895,-3501.327650741427
-3726.752445618872,-4980.966916499378
-2118.6772316446313,-3586.87974947192
-4178.009242247145,-5616.021372169285
-4099.984132635487,-4968.1110350069075
