Zero-Sum td3,Standard td3
747.0544842549862,540.1260726401038
750.8280174885929,543.6336157209123
752.7509860407883,497.74939197899704
743.1198671361763,537.9065644902275
747.7120423874203,529.310310669433
745.8875850012726,437.17820489901294
741.7288875138306,518.1242679367963
747.5175496891021,569.5515510660637
750.7494650858004,489.264884534009
753.2660630746204,456.27749436868885
