Zero-Sum td3,Standard td3
740.0814206437428,554.669746115246
737.261780259128,556.8688609984459
738.7874076292308,563.8595800811323
736.2769637101284,558.7995648267799
738.9539895866494,567.8275598220623
736.860014842715,563.465641346717
740.2457345300502,568.2399049924495
737.0636807860221,554.1723752597298
739.6582094754287,568.2623945679779
739.8284774637041,561.734628251254
