Zero-Sum DDPG,Standard DDPG
-2179.7015015527195,-2399.4882049753924
698.4632655046655,-2538.6026797664613
-2429.2064258818336,-2561.9019956915718
637.2904276991252,-2712.984738043333
-2423.9334296151133,-2694.5761460252393
520.955399366046,-6428.7197702253425
699.5719202620994,-2583.104767243088
529.2345269157249,-2284.113698324563
685.1242759682906,-2626.681519588119
705.6564179115221,-2665.5713743257243
