Zero-Sum td3,Standard td3
677.6173725808501,550.1712182302629
672.5099658594268,548.7390870671209
670.7101015208476,551.401758741555
673.0665064034971,557.4847598339205
676.1305634439473,555.5744644515684
670.7701655549024,552.3301799522212
673.0607919910105,548.2892981216062
675.1729388491189,546.6480358115226
671.3929292588746,550.9854524819672
677.6314393281134,545.3258942445752
