Zero-Sum DDPG,Standard DDPG
672.6614312007828,548.0183421207498
670.1536053264749,551.2598958749811
672.6638206979922,557.4040657604238
672.8175345868975,557.2064632944789
673.8996882915596,538.2304673784521
673.7676103551139,553.8858598531399
673.4501450313742,546.8998388915037
674.054101948911,551.6189573220727
670.0897082321883,533.5580320477184
671.4785804401054,549.4182826296469
