Zero-Sum DDPG,Standard DDPG
-2679.7679749041795,-3258.399721206017
-4629.191638193431,-3236.6414315299053
-2406.727325236555,-3241.8602672744096
-2738.324436255991,-3227.3433932092225
-2362.033010107394,-3221.1824558452813
-2344.919503403221,-3256.705186587654
-2521.494195376461,-3229.8601161333368
-2460.124967273041,-3266.1479427965064
-2442.8870011728723,-3250.134946878022
-2447.4023626164826,-3235.155214593602
