Algorithm,Avg Return,Avg Error,Avg Fails,Avg Action
PPO,606.9508070326362,0.22724509675083163,0.0,0.762350037189315
SAC,-2979.7720664869785,1.5701304448063336,1.0,2.10788807817989
TD3,479.645921465764,0.08081369756853386,0.0,5.119750342529018
DDPG,-755.7650301521252,0.8954792595309478,0.0,5.511671094794709
